{
  "snapshot": "snap_0100.h5",
  "N": 128,
  "box_size_kpc": 20.0,
  "dx_kpc": 0.15625,
  "mean_density": 1.4837757557518927,
  "max_density": 9703.856512456536,
  "rho_c": 8833.288233243504,
  "rho_c_err": 34.419986762421104,
  "r_c_kpc": 0.7313153589604111,
  "r_c_err_kpc": 0.0028680976667970854,
  "chi2_red": 6.063285699522853,
  "rmse": 22.641361099995837,
  "r_profile_kpc": [
    0.0,
    0.15625,
    0.3125,
    0.46875,
    0.625,
    0.78125,
    0.9375,
    1.09375,
    1.25,
    1.40625,
    1.5625,
    1.71875,
    1.875,
    2.03125,
    2.1875,
    2.34375,
    2.5,
    2.65625,
    2.8125,
    2.96875,
    3.125,
    3.28125,
    3.4375,
    3.59375,
    3.75,
    3.90625,
    4.0625,
    4.21875,
    4.375,
    4.53125,
    4.6875,
    4.84375,
    5.0,
    5.15625,
    5.3125,
    5.46875,
    5.625,
    5.78125,
    5.9375,
    6.09375,
    6.25,
    6.40625,
    6.5625,
    6.71875,
    6.875,
    7.03125,
    7.1875,
    7.34375,
    7.5,
    7.65625,
    7.8125,
    7.96875,
    8.125,
    8.28125,
    8.4375,
    8.59375,
    8.75,
    8.90625,
    9.0625,
    9.21875,
    9.375,
    9.53125,
    9.6875,
    9.84375,
    10.0,
    10.15625,
    10.3125,
    10.46875,
    10.625,
    10.78125,
    10.9375,
    11.09375,
    11.25,
    11.40625,
    11.5625,
    11.71875,
    11.875,
    12.03125,
    12.1875,
    12.34375,
    12.5,
    12.65625,
    12.8125,
    12.96875,
    13.125,
    13.28125,
    13.4375,
    13.59375,
    13.75,
    13.90625,
    14.0625,
    14.21875,
    14.375,
    14.53125,
    14.6875,
    14.84375,
    15.0,
    15.15625,
    15.3125,
    15.46875,
    15.625,
    15.78125,
    15.9375,
    16.09375,
    16.25,
    16.40625,
    16.5625,
    16.71875,
    16.875,
    17.03125,
    17.1875
  ],
  "rho_profile": [
    9703.856512456536,
    7363.761767383899,
    4561.776506882387,
    2261.163798453615,
    936.6568016535607,
    346.9717198379299,
    128.61960585136706,
    53.03910001613339,
    27.487468338844746,
    18.410186752835344,
    14.098923717301373,
    11.386351122056594,
    9.423976862208571,
    8.103145578840765,
    7.405547673069117,
    7.196458790937137,
    7.35590688946358,
    7.76020634185284,
    8.237964034133157,
    8.644997882072245,
    8.847319893604563,
    8.736161716109642,
    8.268536584245656,
    7.451099011240815,
    6.36841233289525,
    5.146967262706351,
    3.955454077683193,
    2.9677845913358696,
    2.3055319040093836,
    2.0208597505253163,
    2.0635364873100053,
    2.312845847170811,
    2.59716367800232,
    2.748237804551295,
    2.659681131682319,
    2.3270048105759127,
    1.8583240360498499,
    1.4125692475495712,
    1.1293641329183743,
    1.0756238263999671,
    1.2045342810048125,
    1.3776974359807634,
    1.4437317584393425,
    1.331157106319748,
    1.0858599224891305,
    0.8364453627648573,
    0.7084184177343975,
    0.7425707486002051,
    0.8577254721047194,
    0.9201010651199388,
    0.8476508549631434,
    0.6817011691912647,
    0.5397847404985991,
    0.5120411449929021,
    0.5775382030861488,
    0.6353517738203466,
    0.6012289062486743,
    0.4906214656940682,
    0.4001466298641002,
    0.3993841042310924,
    0.4574101403452075,
    0.47796924301887445,
    0.41983178815328687,
    0.3409895091065761,
    0.32335159637910876,
    0.3639047725428175,
    0.3815072077159293,
    0.3327812970509614,
    0.27463282034225944,
    0.2719582018368613,
    0.30420730489124087,
    0.30012826891370326,
    0.25217160024428886,
    0.22401175358007328,
    0.24439938466528682,
    0.2558470371317932,
    0.22592252925627615,
    0.1947578347413478,
    0.20412507424231785,
    0.21749030082349827,
    0.19660912472798606,
    0.1705665347496319,
    0.17694855477748261,
    0.1880932274370485,
    0.16823616398931032,
    0.15033462228568034,
    0.16097125601072257,
    0.16395796050700984,
    0.14349922005832716,
    0.1375595222038502,
    0.14691633342270535,
    0.13822844868162676,
    0.12291501736678552,
    0.12723343634629283,
    0.12889249062083288,
    0.11471885472679898,
    0.11274249749117703,
    0.11712209901992941,
    0.10833432158568729,
    0.10171614984336476,
    0.10709535849949708,
    0.10235849657100261,
    0.09307424612060214,
    0.10057632916578624,
    0.09664148881600268,
    0.08915640706416147,
    0.09622622338589847,
    0.08935742782827828,
    0.08853427850819294,
    0.09420541937477024,
    0.08601766539427953
  ],
  "fit_profile": [
    8833.288233243504,
    7388.883203456735,
    4516.241453800631,
    2229.5171554255735,
    985.2659192049349,
    420.2178249381955,
    180.92393405305805,
    80.47483153958468,
    37.350754601243686,
    18.139764121863504,
    9.210748610457971,
    4.877463880876264,
    2.685023409262348,
    1.5315055218478475,
    0.902236682764948,
    0.5473573514611055,
    0.3410406007620797,
    0.21771160219235955,
    0.14209074278859996,
    0.09463017256498273,
    0.06420009112278569,
    0.04430240735630825,
    0.031054128519358182,
    0.022084559721453526,
    0.015917218823912112,
    0.011615400417540143,
    0.008574548010787221,
    0.006398183948419566,
    0.004822380930457706,
    0.003668978439379227,
    0.00281612928843237,
    0.0021794717672441338,
    0.0016999204879859754,
    0.0013356418143053654,
    0.0010567122658104206,
    0.0008415200178686697,
    0.0006743130942168878,
    0.0005435108690946424,
    0.00044052938841636146,
    0.0003589562528132047,
    0.0002939657205930318,
    0.0002419004772697713,
    0.00019997009710097299,
    0.00016603191831293025,
    0.00013843060619523362,
    0.00011587983973352191,
    9.737446149029607e-05,
    8.212481760027934e-05,
    6.950737351238999e-05,
    5.902734669245616e-05,
    5.0290268321660255e-05,
    4.298022003311806e-05,
    3.6843089951759745e-05,
    3.1673624269749494e-05,
    2.7305364511094357e-05,
    2.3602790184182716e-05,
    2.045515536740847e-05,
    1.777163268322647e-05,
    1.547747103327392e-05,
    1.3510942954098496e-05,
    1.1820909685041459e-05,
    1.0364871496580431e-05,
    9.107400776575847e-06,
    8.018878209791113e-06,
    7.074469879390368e-06,
    6.253296576781425e-06,
    5.537757002697167e-06,
    4.912974606798381e-06,
    4.366344093161715e-06,
    3.887158528293738e-06,
    3.466301840248244e-06,
    3.09599453063304e-06,
    2.7695828181498243e-06,
    2.4813633327548445e-06,
    2.2264369913465047e-06,
    2.0005868924099507e-06,
    1.8001760329344336e-06,
    1.6220614265098051e-06,
    1.4635218261357299e-06,
    1.3221967597726889e-06,
    1.196034995273727e-06,
    1.0832508831882034e-06,
    9.822872961593415e-07,
    8.917841042597942e-07,
    8.105513061860833e-07,
    7.375460843972449e-07,
    6.718531741458284e-07,
    6.126680368149969e-07,
    5.592824109910059e-07,
    5.110718834504522e-07,
    4.674851793023536e-07,
    4.280349179852262e-07,
    3.922896213767084e-07,
    3.5986679331121994e-07,
    3.304269174492751e-07,
    3.036682436249371e-07,
    2.7932225227380314e-07,
    2.5714970293627504e-07,
    2.3693718665313102e-07,
    2.1849411374647636e-07,
    2.0165007835954968e-07,
    1.8625254950417267e-07,
    1.7216484547605308e-07,
    1.5926435454642548e-07,
    1.4744096999087415e-07,
    1.3659571191232468e-07,
    1.2663951207193084e-07,
    1.1749214115681851e-07,
    1.09081260669556e-07,
    1.0134158398988031e-07,
    9.421413319281156e-08
  ]
}